{
  "name": "Product",
  "fields": [
    {
      "fieldName": "title",
      "fieldType": "String",
      "fieldValidateRules": ["required"]
    },
    {
      "fieldName": "price",
      "fieldType": "BigDecimal",
      "fieldValidateRules": ["required", "min"],
      "fieldValidateRulesMin": "0"
    },
    {
      "fieldName": "image",
      "fieldType": "byte[]",
      "fieldTypeBlobContent": "image"
    }
  ],
  "relationships": [],
  "entityTableName": "product",
  "dto": "no",
  "pagination": "pagination",
  "service": "no",
  "jpaMetamodelFiltering": false,
  "fluentMethods": true,
  "readOnly": false,
  "embedded": false,
  "applications": ["gateway", "store"],
  "microserviceName": "store",
  "clientRootFolder": "store",
  "databaseType": "mongodb",
  "changelogDate": "20210325055522"
}
