{
  "generator-jhipster": {
    "authenticationType": "oauth2",
    "cacheProvider": "no",
    "serverPort": "8081",
    "serviceDiscoveryType": "eureka",
    "skipUserManagement": true,
    "baseName": "blog",
    "buildTool": "gradle",
    "databaseType": "neo4j",
    "devDatabaseType": "neo4j",
    "enableHibernateCache": false,
    "enableSwaggerCodegen": false,
    "enableTranslation": true,
    "jhiPrefix": "jhi",
    "languages": ["en"],
    "messageBroker": false,
    "prodDatabaseType": "neo4j",
    "searchEngine": false,
    "skipClient": true,
    "testFrameworks": [],
    "websocket": false,
    "reactive": true,
    "packageName": "com.okta.developer.blog",
    "packageFolder": "com/okta/developer/blog",
    "applicationType": "microservice",
    "jhipsterVersion": "7.0.1",
    "clientPackageManager": "npm",
    "dtoSuffix": "DTO",
    "entitySuffix": "",
    "skipServer": false,
    "skipCheckLengthOfIdentifier": false,
    "skipFakeData": false,
    "blueprints": [],
    "otherModules": [],
    "pages": [],
    "clientFramework": "angularX",
    "clientTheme": "none",
    "clientThemeVariant": "",
    "withAdminUi": true,
    "nativeLanguage": "en",
    "creationTimestamp": 1616651662172,
    "jwtSecretKey": "MzcwNGVlOTc5MjM1OGQ4ZjY4MzcwZTNlMGI5NzdlODExNTZmMzg2M2NjZjM5N2U4ZjhjNWJkZjc0YjJmYmRmMzNjZGQ0MDEwNDMxYzA2MDVlOWIyZGRjZmQ0NTIxN2UyZjQwYTZjMDE1YzRlNjc2NTMwMWMyZjk1MDNhYTA4YmQ=",
    "entities": ["Tag", "Blog", "Post"],
    "lastLiquibaseTimestamp": 1616651842000,
    "appFolder": "blog",
    "clusteredDb": false,
    "targetImageName": "mraible/blog",
    "dbPeerCount": 1
  }
}
