{
  "generator-jhipster": {
    "authenticationType": "oauth2",
    "clientFramework": "vue",
    "serverPort": "8080",
    "serviceDiscoveryType": "eureka",
    "skipUserManagement": true,
    "withAdminUi": true,
    "baseName": "gateway",
    "buildTool": "gradle",
    "databaseType": "sql",
    "devDatabaseType": "h2Disk",
    "cacheProvider": "no",
    "enableHibernateCache": false,
    "enableSwaggerCodegen": false,
    "enableTranslation": true,
    "jhiPrefix": "jhi",
    "languages": ["en"],
    "messageBroker": false,
    "prodDatabaseType": "postgresql",
    "searchEngine": false,
    "skipClient": false,
    "testFrameworks": ["cypress"],
    "websocket": false,
    "reactive": true,
    "packageName": "com.okta.developer.gateway",
    "packageFolder": "com/okta/developer/gateway",
    "applicationType": "gateway",
    "jhipsterVersion": "7.0.1",
    "skipServer": false,
    "clientPackageManager": "npm",
    "dtoSuffix": "DTO",
    "entitySuffix": "",
    "clientTheme": "none",
    "clientThemeVariant": "",
    "skipCheckLengthOfIdentifier": false,
    "skipFakeData": false,
    "blueprints": [],
    "otherModules": [],
    "pages": [],
    "nativeLanguage": "en",
    "creationTimestamp": 1619550649791,
    "entities": ["Tag", "Product", "Blog", "Post"],
    "lastLiquibaseTimestamp": 1619550889000,
    "appFolder": "gateway",
    "clusteredDb": false,
    "targetImageName": "mraible/gateway",
    "dbPeerCount": 1
  }
}
