{
  "name": "Tag",
  "fields": [
    {
      "fieldName": "name",
      "fieldType": "String",
      "fieldValidateRules": ["required", "minlength"],
      "fieldValidateRulesMinlength": "2"
    }
  ],
  "relationships": [
    {
      "relationshipType": "many-to-many",
      "otherEntityName": "post",
      "otherEntityRelationshipName": "tag",
      "relationshipName": "post",
      "ownerSide": false
    }
  ],
  "entityTableName": "tag",
  "dto": "no",
  "pagination": "infinite-scroll",
  "service": "no",
  "jpaMetamodelFiltering": false,
  "fluentMethods": true,
  "readOnly": false,
  "embedded": false,
  "applications": ["gateway", "blog"],
  "microserviceName": "blog",
  "clientRootFolder": "blog",
  "databaseType": "sql",
  "changelogDate": "20210325055522"
}
