{
  "name": "Blog",
  "fields": [
    {
      "fieldName": "name",
      "fieldType": "String",
      "fieldValidateRules": ["required", "minlength"],
      "fieldValidateRulesMinlength": "3"
    },
    {
      "fieldName": "handle",
      "fieldType": "String",
      "fieldValidateRules": ["required", "minlength"],
      "fieldValidateRulesMinlength": "2"
    }
  ],
  "relationships": [
    {
      "relationshipType": "many-to-one",
      "otherEntityName": "user",
      "otherEntityRelationshipName": "blog",
      "relationshipName": "user",
      "otherEntityField": "login"
    }
  ],
  "entityTableName": "blog",
  "dto": "no",
  "pagination": "no",
  "service": "no",
  "jpaMetamodelFiltering": false,
  "fluentMethods": true,
  "readOnly": false,
  "embedded": false,
  "applications": ["gateway", "blog"],
  "microserviceName": "blog",
  "clientRootFolder": "blog",
  "databaseType": "neo4j",
  "changelogDate": "20210325055622"
}
