{
  "name": "Post",
  "fields": [
    {
      "fieldName": "title",
      "fieldType": "String",
      "fieldValidateRules": ["required"]
    },
    {
      "fieldName": "content",
      "fieldType": "byte[]",
      "fieldTypeBlobContent": "text",
      "fieldValidateRules": ["required"]
    },
    {
      "fieldName": "date",
      "fieldType": "Instant",
      "fieldValidateRules": ["required"]
    }
  ],
  "relationships": [
    {
      "relationshipType": "many-to-one",
      "otherEntityName": "blog",
      "otherEntityRelationshipName": "post",
      "relationshipName": "blog",
      "otherEntityField": "name"
    },
    {
      "relationshipType": "many-to-many",
      "otherEntityName": "tag",
      "otherEntityRelationshipName": "post",
      "relationshipName": "tag",
      "otherEntityField": "name",
      "ownerSide": true
    }
  ],
  "entityTableName": "post",
  "dto": "no",
  "pagination": "infinite-scroll",
  "service": "no",
  "jpaMetamodelFiltering": false,
  "fluentMethods": true,
  "readOnly": false,
  "embedded": false,
  "applications": ["gateway", "blog"],
  "microserviceName": "blog",
  "clientRootFolder": "blog",
  "databaseType": "neo4j",
  "changelogDate": "20210325055722"
}
